"","X.exp.predict_14....1...wtpmin.","X.exp.predict_15....1...wtpmin.","X.exp.predict_16....1...wtpmin."
"BTBC",8.99194990538374,7.82452616889871,8.07421847917054
"BTWC",-0.989122060245006,-0.247223964050901,-0.32798847564928
"WTBC",4.41014571088098,3.58487273752218,3.75318283166417
"WTWC",-2.59012409597499,-2.07258694644852,-2.13199099432924
