"package","info","sos","own","probs"
1,1,0,"2",0.106428413725068
2,1,1,"3",0.866156664151193
3,1,0,"1",0.352057188605996
4,0,1,"4",0.683996272420464
5,0,0,"4",0.156743321243619
6,0,0,"3",0.387996494579855
7,0,1,"1",0.878315499273707
8,1,0,"4",0.140109043806818
9,0,1,"3",0.880704503068848
10,0,0,"2",0.119620260866198
11,1,1,"4",0.654860985147306
12,1,1,"1",0.863521472922973
13,1,1,"2",0.581055157838126
14,0,1,"2",0.612736387844538
15,0,0,"1",0.382656931315058
16,1,0,"3",0.357216835159824
